Effective Date;30-Day Average SOFR;90-Day Average SOFR;180-Day Average SOFR;SOFR Index
11/25/2022;3,59867;3,00776;2,31973;1,05554481
11/23/2022;3,54687;2,97396;2,28591;1,0553226
11/22/2022;3,5208;2,95684;2,26894;1,05521122
11/21/2022;3,49471;2,93971;2,25197;1,05509985
11/18/2022;3,41752;2,88869;2,20109;1,05476584
11/17/2022;3,39212;2,87168;2,18413;1,05465451
11/16/2022;3,36672;2,85456;2,16711;1,05454291
11/15/2022;3,34132;2,83766;2,15021;1,05443161
11/14/2022;3,31624;2,82088;2,13337;1,05432061
11/10/2022;3,21771;2,75389;2,06635;1,05387798
11/09/2022;3,19332;2,73711;2,04957;1,05376734
11/08/2022;3,16891;2,72033;2,03279;1,0536567
11/07/2022;3,1445;2,70366;2,01596;1,05354608
11/04/2022;3,06899;2,65267;1,96513;1,05321256
11/03/2022;3,0436;2,63567;1,94819;1,0531014
11/02/2022;3,04193;2,62717;1,93546;1,05301219
11/01/2022;3,03959;2,61867;1,92278;1,05292298
10/31/2022;3,03724;2,61029;1,90736;1,05283378
10/28/2022;3,02956;2,58424;1,86099;1,05256626
10/27/2022;3,02756;2,57563;1,84552;1,05247738
10/26/2022;3,02622;2,56724;1,8301;1,0523888
10/25/2022;3,02522;2,55058;1,81474;1,05230053
10/24/2022;3,02454;2,53403;1,79944;1,05221255
10/21/2022;2,99682;2,48384;1,7532;1,05194781
10/20/2022;2,97109;2,46696;1,73773;1,05185928
10/19/2022;2,94536;2,45008;1,72221;1,05177046
10/18/2022;2,91963;2,4332;1,70664;1,05168165
10/17/2022;2,89357;2,41632;1,69106;1,05159256
10/14/2022;2,81674;2,36603;1,6448;1,05132623
10/13/2022;2,79135;2,34927;1,62939;1,05123745
10/12/2022;2,76596;2,33239;1,61399;1,05114869
10/11/2022;2,74024;2,31541;1,59854;1,05105964
10/07/2022;2,63738;2,2476;1,53685;1,05070357
10/06/2022;2,612;2,23061;1,52145;1,05061456
10/05/2022;2,58695;2,21386;1,50612;1,05052585
10/04/2022;2,56189;2,1971;1,49078;1,05043715
10/03/2022;2,53816;2,18079;1,47567;1,05034962
09/30/2022;2,46903;2,13187;1,43069;1,05008884
09/29/2022;2,44666;2,11578;1,4158;1,05000251
09/28/2022;2,42328;2,09925;1,40081;1,0499156
09/27/2022;2,3999;2,08283;1,38576;1,0498287
09/26/2022;2,37618;2,06642;1,37055;1,04974151
09/23/2022;2,30473;2,01562;1,32508;1,04948002
09/22/2022;2,28069;1,99853;1,30993;1,04939286
09/21/2022;2,28169;1,98949;1,29891;1,04932728
09/20/2022;2,28236;1,98044;1,28779;1,04926141
09/19/2022;2,28269;1,97129;1,27661;1,04919525
09/16/2022;2,28403;1,94382;1,2434;1,04899681
09/15/2022;2,28436;1,93455;1,23233;1,04893038
09/14/2022;2,28503;1,9254;1,22132;1,04886424
09/13/2022;2,28503;1,90776;1,21026;1,04879782
09/12/2022;2,28502;1,89001;1,19779;1,0487314
09/09/2022;2,28503;1,83856;1,16041;1,04853218
09/08/2022;2,28536;1,82148;1,14795;1,04846578
09/07/2022;2,28536;1,8044;1,13549;1,04839938
09/06/2022;2,28503;1,78733;1,12298;1,04833269
09/02/2022;2,28437;1,71982;1,07293;1,04806602
09/01/2022;2,28471;1,70297;1,06042;1,04799935
08/31/2022;2,28437;1,68624;1,04791;1,04793269
08/30/2022;2,28371;1,66961;1,0354;1,04786604
08/29/2022;2,28337;1,65299;1,02295;1,04779968
08/26/2022;2,25799;1,60279;0,9856;1,04760063
08/25/2022;2,23295;1,58606;0,97315;1,04753429
08/24/2022;2,20824;1,56944;0,96076;1,04746824
08/23/2022;2,18319;1,55282;0,94837;1,0474022
08/22/2022;2,15781;1,53609;0,93592;1,04733586
08/19/2022;2,08236;1,48591;0,89859;1,04713691
08/18/2022;2,05765;1,46918;0,88614;1,04707059
08/17/2022;2,03261;1,45245;0,87364;1,04700399
08/16/2022;2,00757;1,43573;0,86115;1,0469374
08/15/2022;1,98253;1,41911;0,84865;1,0468708
08/12/2022;1,90775;1,36939;0,81133;1,04667194
08/11/2022;1,88305;1,35278;0,79889;1,04660565
08/10/2022;1,85801;1,33617;0,78646;1,04653937
08/09/2022;1,83264;1,31934;0,77396;1,0464728
08/08/2022;1,8076;1,30262;0,76147;1,04640653
08/05/2022;1,73317;1,25246;0,72417;1,04620775
08/04/2022;1,70814;1,23563;0,71168;1,0461412
08/03/2022;1,68244;1,21892;0,69919;1,04607466
08/02/2022;1,6564;1,19663;0,68665;1,04600783
08/01/2022;1,63103;1,17456;0,67422;1,04594159
07/29/2022;1,55494;1,10827;0,6371;1,04574377
07/28/2022;1,52958;1,08599;0,62468;1,04567754
07/27/2022;1,52857;1,07206;0,61643;1,04563311
07/26/2022;1,52624;1,05814;0,60813;1,04558867
07/25/2022;1,5239;1,0441;0,59982;1,04554423
07/22/2022;1,51689;1,00233;0,5752;1,04541181
07/21/2022;1,51422;0,9883;0,56695;1,04536739
07/20/2022;1,51155;0,97415;0,55871;1,04532296
07/19/2022;1,50855;0,96;0,55035;1,04527824
07/18/2022;1,50554;0,94597;0,54205;1,04523353
07/15/2022;1,4715;0,90421;0,51715;1,04509941
07/14/2022;1,44347;0,8904;0,50891;1,045055
07/13/2022;1,41677;0,8766;0,50067;1,04501058
07/12/2022;1,39041;0,86268;0,49237;1,04496588
07/11/2022;1,36438;0,84887;0,48413;1,04492147
07/08/2022;1,28663;0,80779;0,4594;1,04478826
07/07/2022;1,26094;0,79398;0,45111;1,04474357
07/06/2022;1,23558;0,78018;0,44281;1,04469888
07/05/2022;1,21022;0,76637;0,43451;1,04465419
07/01/2022;1,11248;0,71206;0,40178;1,04447779
06/30/2022;1,08879;0,6987;0,39371;1,04443427
06/29/2022;1,06443;0,68512;0,38558;1,04439047
06/28/2022;1,03975;0,67121;0,3774;1,04434637
06/27/2022;1,01572;0,65763;0,36933;1,04430286
06/24/2022;0,94768;0,61824;0,34579;1,04417582
06/23/2022;0,92566;0,60533;0,33806;1,04413405
06/22/2022;0,90331;0,5922;0,33026;1,044092
06/21/2022;0,88096;0,57907;0,32247;1,04404995
06/17/2022;0,79224;0,52756;0,29126;1,04388177
06/16/2022;0,77056;0,51477;0,28347;1,04383972
06/15/2022;0,7739;0,51032;0,27986;1,04381943
06/14/2022;0,77723;0,5032;0,2763;1,04379942
06/13/2022;0,77924;0,49563;0,27251;1,04377825
06/10/2022;0,7829;0,47227;0,26083;1,04371302
06/09/2022;0,78391;0,46448;0,25694;1,04369128
06/08/2022;0,78457;0,45659;0,25299;1,04366925
06/07/2022;0,78491;0,44858;0,24898;1,04364692
06/06/2022;0,78491;0,44046;0,24492;1,04362431
06/03/2022;0,76923;0,4161;0,23274;1,04355648
06/02/2022;0,75289;0,40787;0,22863;1,04353358
06/01/2022;0,73621;0,39953;0,22446;1,04351039
05/31/2022;0,7192;0,3913;0,22034;1,04348749
05/27/2022;0,6525;0,35882;0,2041;1,04339706
05/26/2022;0,63549;0,3507;0,20004;1,04337446
05/25/2022;0,61848;0,34259;0,19598;1,04335185
05/24/2022;0,60147;0,33447;0,19192;1,04332925
05/23/2022;0,58446;0,32635;0,18786;1,04330664
05/20/2022;0,53311;0,302;0,17569;1,04323883
05/19/2022;0,5161;0,29377;0,17157;1,04321594
05/18/2022;0,49943;0,28554;0,16746;1,04319305
05/17/2022;0,48242;0,2772;0,16329;1,04316986
05/16/2022;0,46542;0,26886;0,15912;1,04314668
05/13/2022;0,4154;0,24418;0,14677;1,04307801
05/12/2022;0,39873;0,23596;0,14266;1,04305513
05/11/2022;0,38272;0,22784;0,1386;1,04303253
05/10/2022;0,36672;0,21961;0,13454;1,04300993
05/09/2022;0,35071;0,2115;0,13049;1,04298733
05/06/2022;0,3027;0,18715;0,11831;1,04291954
05/05/2022;0,28637;0,17893;0,1142;1,04289665
05/04/2022;0,28637;0,17615;0,11281;1,04288796
05/03/2022;0,28637;0,17337;0,11142;1,04287927
05/02/2022;0,28637;0,17059;0,11003;1,04287058
04/29/2022;0,28703;0,16292;0,10619;1,04284625
04/28/2022;0,28703;0,16036;0,10492;1,04283814
04/27/2022;0,28703;0,1577;0,10364;1,04283003
04/26/2022;0,28737;0,15514;0,10241;1,04282221
04/25/2022;0,2877;0,15269;0,10119;1,04281438
04/22/2022;0,28803;0,14525;0,09747;1,04279092
04/21/2022;0,2887;0,14291;0,0963;1,04278339
04/20/2022;0,28937;0,14036;0,09508;1,04277557
04/19/2022;0,29003;0,1378;0,09369;1,04276746
04/18/2022;0,29037;0,13513;0,09224;1,04275906
04/14/2022;0,27503;0,12446;0,0868;1,04272546
04/13/2022;0,26703;0,1218;0,08546;1,04271706
04/12/2022;0,25903;0,11913;0,08413;1,04270866
04/11/2022;0,25069;0,11635;0,08274;1,04269997
04/08/2022;0,22569;0,10801;0,07857;1,04267391
04/07/2022;0,21735;0,10524;0,07718;1,04266522
04/06/2022;0,20902;0,10246;0,07579;1,04265653
04/05/2022;0,20068;0,09968;0,0744;1,04264784
04/04/2022;0,19235;0,0969;0,07301;1,04263915
04/01/2022;0,16734;0,08856;0,06884;1,04261309
03/31/2022;0,15934;0,0859;0,06751;1,04260469
03/30/2022;0,15201;0,08345;0,06629;1,04259687
03/29/2022;0,14434;0,0809;0,06501;1,04258876
03/28/2022;0,13667;0,07834;0,06373;1,04258065
03/25/2022;0,11367;0,07067;0,0599;1,04255632
03/24/2022;0,10634;0,06823;0,05868;1,0425485
03/23/2022;0,099;0,06578;0,05745;1,04254068
03/22/2022;0,09134;0,06323;0,05617;1,04253258
03/21/2022;0,08334;0,06056;0,05484;1,04252418
03/18/2022;0,05833;0,05211;0,05067;1,04249812
03/17/2022;0,05;0,04934;0,04928;1,04248943
03/16/2022;0,05;0,04934;0,04928;1,04248798
03/15/2022;0,05;0,04934;0,04928;1,04248653
03/14/2022;0,05;0,04934;0,04928;1,04248508
03/11/2022;0,04967;0,04934;0,04928;1,04248074
03/10/2022;0,04967;0,04934;0,04928;1,04247929
03/09/2022;0,04967;0,04934;0,04928;1,04247784
03/08/2022;0,04967;0,04934;0,04928;1,0424764
03/07/2022;0,04967;0,04934;0,04928;1,04247495
03/04/2022;0,04967;0,04934;0,04928;1,04247061
03/03/2022;0,04967;0,04934;0,04928;1,04246916
03/02/2022;0,04967;0,04934;0,04928;1,04246771
03/01/2022;0,04967;0,04934;0,04928;1,04246626
02/28/2022;0,04967;0,04934;0,04928;1,04246481
02/25/2022;0,049;0,04934;0,04928;1,04246047
02/24/2022;0,049;0,04934;0,04928;1,04245902
02/23/2022;0,04867;0,04934;0,04928;1,04245757
02/22/2022;0,04867;0,04934;0,04928;1,04245613
02/18/2022;0,04833;0,04934;0,04928;1,04245034
02/17/2022;0,04833;0,04934;0,04928;1,04244889
02/16/2022;0,04833;0,04934;0,04928;1,04244744
02/15/2022;0,04833;0,04934;0,04928;1,04244599
02/14/2022;0,04833;0,04934;0,04928;1,04244454
02/11/2022;0,04833;0,04934;0,04928;1,0424402
02/10/2022;0,04833;0,04934;0,04928;1,04243875
02/09/2022;0,04867;0,04945;0,04934;1,04243759
02/08/2022;0,04867;0,04945;0,04934;1,04243615
02/07/2022;0,04867;0,04945;0,04934;1,0424347
02/04/2022;0,04867;0,04945;0,04934;1,04243036
02/03/2022;0,04867;0,04945;0,04934;1,04242891
02/02/2022;0,04867;0,04945;0,04934;1,04242746
02/01/2022;0,04867;0,04945;0,04934;1,04242601
01/31/2022;0,04867;0,04945;0,04934;1,04242456
01/28/2022;0,04867;0,04945;0,04934;1,04242022
01/27/2022;0,049;0,04956;0,04939;1,04241906
01/26/2022;0,04933;0,04967;0,04945;1,0424179
01/25/2022;0,04933;0,04967;0,04945;1,04241646
01/24/2022;0,04967;0,04978;0,04951;1,0424153
01/21/2022;0,04967;0,04967;0,04951;1,04241095
01/20/2022;0,05;0,04978;0,04956;1,0424098
01/19/2022;0,04967;0,04956;0,04956;1,04240835
01/18/2022;0,04967;0,04934;0,04956;1,0424069
01/14/2022;0,04967;0,04911;0,04956;1,04240111
01/13/2022;0,04967;0,04911;0,04956;1,04239966
01/12/2022;0,04967;0,04911;0,04956;1,04239821
01/11/2022;0,04967;0,04911;0,04956;1,04239677
01/10/2022;0,04967;0,04911;0,04956;1,04239532
01/07/2022;0,04967;0,04911;0,04956;1,04239098
01/06/2022;0,04967;0,04911;0,04956;1,04238953
01/05/2022;0,04967;0,04911;0,04956;1,04238808
01/04/2022;0,04967;0,04911;0,04956;1,04238663
01/03/2022;0,04967;0,04911;0,04956;1,04238518
12/31/2021;0,04967;0,04911;0,04956;1,04238084
12/30/2021;0,04967;0,04911;0,04956;1,04237939
12/29/2021;0,04967;0,04911;0,04956;1,04237795
12/28/2021;0,04967;0,04911;0,04956;1,0423765
12/27/2021;0,04967;0,04911;0,04956;1,04237505
12/23/2021;0,04967;0,04911;0,04956;1,04236926
12/22/2021;0,04967;0,04911;0,04956;1,04236781
12/21/2021;0,04967;0,04911;0,04956;1,04236636
12/20/2021;0,05;0,04923;0,04962;1,04236521
12/17/2021;0,05;0,04923;0,04962;1,04236086
12/16/2021;0,05;0,04923;0,04962;1,04235941
12/15/2021;0,05;0,04923;0,04962;1,04235797
12/14/2021;0,05;0,04923;0,04962;1,04235652
12/13/2021;0,05;0,04923;0,04939;1,04235507
12/10/2021;0,05;0,04923;0,04873;1,04235073
12/09/2021;0,05;0,04923;0,04851;1,04234928
12/08/2021;0,05;0,04923;0,04828;1,04234783
12/07/2021;0,05;0,04923;0,04806;1,04234639
12/06/2021;0,05;0,04923;0,04784;1,04234494
12/03/2021;0,05;0,04923;0,04717;1,04234059
12/02/2021;0,05;0,04923;0,04695;1,04233915
12/01/2021;0,05;0,04923;0,04673;1,0423377
11/30/2021;0,05;0,04923;0,04651;1,04233625
11/29/2021;0,05;0,04923;0,04628;1,0423348
11/26/2021;0,05;0,04923;0,04562;1,04233046
11/24/2021;0,04967;0,04923;0,04517;1,04232757
11/23/2021;0,04967;0,04923;0,04495;1,04232612
11/22/2021;0,04967;0,04923;0,04473;1,04232467
11/19/2021;0,04833;0,04923;0,04406;1,04232033
11/18/2021;0,04767;0,04923;0,04384;1,04231888
11/17/2021;0,04767;0,04923;0,04362;1,04231743
11/16/2021;0,04767;0,04923;0,04339;1,04231598
11/15/2021;0,04767;0,04923;0,04317;1,04231454
11/12/2021;0,04767;0,04923;0,0425;1,04231019
11/10/2021;0,04767;0,04923;0,04206;1,0423073
11/09/2021;0,04767;0,04923;0,04184;1,04230585
11/08/2021;0,04767;0,04923;0,04162;1,0423044
11/05/2021;0,04767;0,04923;0,04095;1,04230006
11/04/2021;0,04767;0,04923;0,04073;1,04229861
11/03/2021;0,04767;0,04923;0,0405;1,04229716
11/02/2021;0,04767;0,04923;0,04028;1,04229572
11/01/2021;0,04767;0,04923;0,04006;1,04229427
10/29/2021;0,04767;0,04923;0,03939;1,04228993
10/28/2021;0,04767;0,04923;0,03917;1,04228848
10/27/2021;0,04767;0,04923;0,03895;1,04228703
10/26/2021;0,04767;0,04923;0,03873;1,04228558
10/25/2021;0,048;0,04934;0,03856;1,04228443
10/22/2021;0,048;0,04934;0,03789;1,04228008
10/21/2021;0,04867;0,04956;0,03778;1,04227921
10/20/2021;0,04933;0,04978;0,03767;1,04227835
10/19/2021;0,05;0,05;0,03756;1,04227748
10/18/2021;0,05;0,05;0,03734;1,04227603
10/15/2021;0,05;0,05;0,03667;1,04227169
10/14/2021;0,05;0,05;0,03645;1,04227024
10/13/2021;0,05;0,05;0,03623;1,04226879
10/12/2021;0,05;0,05;0,036;1,04226734
10/08/2021;0,05;0,05;0,03511;1,04226155
10/07/2021;0,05;0,05;0,03489;1,04226011
10/06/2021;0,05;0,05;0,03467;1,04225866
10/05/2021;0,05;0,05;0,03445;1,04225721
10/04/2021;0,05;0,05;0,03423;1,04225576
10/01/2021;0,05;0,05;0,03356;1,04225142
09/30/2021;0,05;0,05;0,03334;1,04224997
09/29/2021;0,05;0,05;0,03311;1,04224853
09/28/2021;0,05;0,05;0,03289;1,04224708
09/27/2021;0,05;0,05;0,03267;1,04224563
09/24/2021;0,05;0,05;0,032;1,04224129
09/23/2021;0,05;0,05;0,03178;1,04223984
09/22/2021;0,05;0,05;0,03156;1,04223839
09/21/2021;0,05;0,05;0,03134;1,04223694
09/20/2021;0,05;0,05;0,03111;1,0422355
09/17/2021;0,05;0,05;0,03045;1,04223115
09/16/2021;0,05;0,05;0,03022;1,04222971
09/15/2021;0,05;0,05;0,03;1,04222826
09/14/2021;0,05;0,04956;0,02978;1,04222681
09/13/2021;0,05;0,04911;0,02956;1,04222536
09/10/2021;0,05;0,04778;0,02889;1,04222102
09/09/2021;0,05;0,04734;0,02867;1,04221957
09/08/2021;0,05;0,04689;0,02845;1,04221813
09/07/2021;0,05;0,04645;0,02822;1,04221668
09/03/2021;0,05;0,04467;0,02756;1,04221089
09/02/2021;0,05;0,04422;0,02739;1,04220944
09/01/2021;0,05;0,04378;0,02722;1,04220799
08/31/2021;0,05;0,04334;0,02706;1,04220655
08/30/2021;0,05;0,04289;0,027;1,0422051
08/27/2021;0,05;0,04156;0,02656;1,04220076
08/26/2021;0,05;0,04111;0,02634;1,04219931
08/25/2021;0,05;0,04067;0,02611;1,04219786
08/24/2021;0,05;0,04022;0,026;1,04219641
08/23/2021;0,05;0,03978;0,02583;1,04219497
08/20/2021;0,05;0,03845;0,02533;1,04219062
08/19/2021;0,05;0,038;0,02517;1,04218918
08/18/2021;0,05;0,03756;0,025;1,04218773
08/17/2021;0,05;0,03711;0,02489;1,04218628
08/16/2021;0,05;0,03667;0,02495;1,04218483
08/13/2021;0,05;0,03533;0,025;1,04218049
08/12/2021;0,05;0,03489;0,025;1,04217904
08/11/2021;0,05;0,03445;0,025;1,0421776
08/10/2021;0,05;0,034;0,02506;1,04217615
08/09/2021;0,05;0,03356;0,02511;1,0421747
08/06/2021;0,05;0,03222;0,02478;1,04217036
08/05/2021;0,05;0,03178;0,02461;1,04216891
08/04/2021;0,05;0,03133;0,02445;1,04216746
08/03/2021;0,05;0,03089;0,02445;1,04216602
08/02/2021;0,05;0,03045;0,02456;1,04216457
07/30/2021;0,05;0,02911;0,02483;1,04216023
07/29/2021;0,05;0,02867;0,02489;1,04215878
07/28/2021;0,05;0,02822;0,02495;1,04215733
07/27/2021;0,05;0,02778;0,02489;1,04215589
07/26/2021;0,05;0,02733;0,02478;1,04215444
07/23/2021;0,05;0,026;0,02472;1,0421501
07/22/2021;0,05;0,02556;0,02472;1,04214865
07/21/2021;0,05;0,02511;0,02472;1,0421472
07/20/2021;0,05;0,02467;0,02467;1,04214575
07/19/2021;0,05;0,02422;0,02472;1,04214431
07/16/2021;0,04867;0,02289;0,02517;1,04213996
07/15/2021;0,04733;0,02245;0,02533;1,04213852
07/14/2021;0,046;0,022;0,0255;1,04213707
07/13/2021;0,04467;0,02156;0,02567;1,04213562
07/12/2021;0,04333;0,02111;0,02583;1,04213417
07/09/2021;0,03933;0,01978;0,02645;1,04212983
07/08/2021;0,038;0,01933;0,02667;1,04212838
07/07/2021;0,03667;0,01889;0,02689;1,04212694
07/06/2021;0,03533;0,01844;0,02717;1,04212549
07/02/2021;0,03;0,01667;0,02817;1,0421197
07/01/2021;0,02867;0,01622;0,02828;1,04211825
06/30/2021;0,02733;0,01578;0,02839;1,0421168
06/29/2021;0,026;0,01533;0,0285;1,04211536
06/28/2021;0,02467;0,01489;0,02872;1,04211391
06/25/2021;0,02067;0,01356;0,02939;1,04210957
06/24/2021;0,01933;0,01311;0,02956;1,04210812
06/23/2021;0,018;0,01267;0,02972;1,04210667
06/22/2021;0,01667;0,01222;0,02989;1,04210523
06/21/2021;0,01533;0,01178;0,02995;1,04210378
06/18/2021;0,01133;0,01044;0,0305;1,04209944
06/17/2021;0,01;0,01;0,03072;1,04209799
06/16/2021;0,01;0,01;0,03117;1,0420977
06/15/2021;0,01;0,01;0,03161;1,04209741
06/14/2021;0,01;0,01;0,03206;1,04209712
06/11/2021;0,01;0,01;0,03328;1,04209625
06/10/2021;0,01;0,01;0,03367;1,04209596
06/09/2021;0,01;0,01;0,03406;1,04209567
06/08/2021;0,01;0,01011;0,03445;1,04209538
06/07/2021;0,01;0,01022;0,03484;1,04209509
06/04/2021;0,01;0,01056;0,036;1,04209423
06/03/2021;0,01;0,01067;0,03645;1,04209394
06/02/2021;0,01;0,01078;0,03689;1,04209365
06/01/2021;0,01;0,01111;0,03728;1,04209336
05/28/2021;0,01;0,01156;0,03889;1,0420922
05/27/2021;0,01;0,01156;0,03928;1,04209191
05/26/2021;0,01;0,01178;0,03967;1,04209162
05/25/2021;0,01;0,01189;0,04006;1,04209133
05/24/2021;0,01;0,01189;0,04045;1,04209104
05/21/2021;0,01;0,01233;0,04123;1,04209017
05/20/2021;0,01;0,01244;0,04145;1,04208988
05/19/2021;0,01;0,01267;0,04167;1,04208959
05/18/2021;0,01;0,01322;0,04195;1,04208931
05/17/2021;0,01;0,01378;0,04228;1,04208902
05/14/2021;0,01;0,01511;0,04367;1,04208815
05/13/2021;0,01;0,01556;0,04412;1,04208786
05/12/2021;0,01;0,01611;0,04456;1,04208757
05/11/2021;0,01;0,01667;0,045;1,04208728
05/10/2021;0,01;0,01711;0,04551;1,04208699
05/07/2021;0,01;0,01744;0,04701;1,04208612
05/06/2021;0,01;0,01756;0,04751;1,04208583
05/05/2021;0,01;0,018;0,04801;1,04208554
05/04/2021;0,01;0,01867;0,04856;1,04208525
05/03/2021;0,01;0,01933;0,04906;1,04208496
04/30/2021;0,01;0,02111;0,05056;1,04208409
04/29/2021;0,01;0,02167;0,05101;1,04208381
04/28/2021;0,01;0,022;0,05145;1,04208352
04/27/2021;0,01;0,02222;0,0519;1,04208323
04/26/2021;0,01;0,02245;0,05228;1,04208294
04/23/2021;0,01;0,02389;0,05356;1,04208207
04/22/2021;0,01;0,02433;0,05395;1,04208178
04/21/2021;0,01;0,02467;0,05434;1,04208149
04/20/2021;0,01;0,02522;0,05467;1,0420812
04/19/2021;0,01;0,02589;0,05501;1,04208091
04/16/2021;0,01;0,02822;0,05629;1,04208004
04/15/2021;0,01;0,029;0,05673;1,04207975
04/14/2021;0,01;0,02978;0,05717;1,04207946
04/13/2021;0,01;0,03056;0,05767;1,04207917
04/12/2021;0,01;0,03133;0,05812;1,04207888
04/09/2021;0,01033;0,034;0,05945;1,04207802
04/08/2021;0,01067;0,03489;0,0599;1,04207773
04/07/2021;0,011;0,03589;0,06034;1,04207744
04/06/2021;0,01133;0,03689;0,06073;1,04207715
04/05/2021;0,01167;0,038;0,06118;1,04207686
04/01/2021;0,01433;0,041;0,06312;1,0420757
03/31/2021;0,01467;0,04167;0,06362;1,04207541
03/30/2021;0,01467;0,04256;0,06401;1,04207512
03/29/2021;0,01467;0,04356;0,0644;1,04207483
03/26/2021;0,01567;0,046;0,06551;1,04207396
03/25/2021;0,01567;0,04678;0,0659;1,04207367
03/24/2021;0,01633;0,04756;0,06629;1,04207338
03/23/2021;0,01667;0,04811;0,06662;1,04207309
03/22/2021;0,017;0,04878;0,0669;1,04207281
03/19/2021;0,01967;0,05145;0,06807;1,04207194
03/18/2021;0,02133;0,05234;0,06851;1,04207165
03/17/2021;0,02267;0,05323;0,06896;1,04207136
03/16/2021;0,024;0,05411;0,06946;1,04207107
03/15/2021;0,02533;0,055;0,06996;1,04207078
03/12/2021;0,03;0,05734;0,07135;1,04206991
03/11/2021;0,03133;0,05812;0,07179;1,04206962
03/10/2021;0,03133;0,05878;0,07218;1,04206904
03/09/2021;0,03133;0,05945;0,07257;1,04206846
03/08/2021;0,03133;0,06;0,07296;1,04206788
03/05/2021;0,034;0,06223;0,07412;1,04206615
03/04/2021;0,03567;0,063;0,07451;1,04206557
03/03/2021;0,03667;0,06345;0,07479;1,04206441
03/02/2021;0,03733;0,06389;0,07513;1,04206325
03/01/2021;0,03867;0,06456;0,07551;1,04206267
02/26/2021;0,042;0,06701;0,07674;1,04206181
02/25/2021;0,042;0,06756;0,07696;1,04206094
02/24/2021;0,04333;0,06823;0,07724;1,04206036
02/23/2021;0,04467;0,06901;0,07757;1,04206007
02/22/2021;0,04533;0,06945;0,07779;1,0420592
02/19/2021;0,04833;0,07045;0,07874;1,04205746
02/18/2021;0,04967;0,07067;0,07896;1,0420566
02/17/2021;0,05033;0,07067;0,07902;1,04205486
02/16/2021;0,051;0,07078;0,07907;1,04205312
02/12/2021;0,055;0,07267;0,08002;1,04204733
02/11/2021;0,05567;0,07301;0,08018;1,0420456
02/10/2021;0,05667;0,07334;0,08035;1,04204386
02/09/2021;0,058;0,0739;0,08057;1,04204241
02/08/2021;0,06033;0,07478;0,08096;1,04204183
02/05/2021;0,068;0,07745;0,08218;1,0420401
02/04/2021;0,07;0,07801;0,08241;1,04203865
02/03/2021;0,071;0,07845;0,08252;1,04203662
02/02/2021;0,071;0,07879;0,08263;1,0420346
02/01/2021;0,071;0,07912;0,08274;1,04203257
01/29/2021;0,07267;0,08034;0,08335;1,04202736
01/28/2021;0,07467;0,0809;0,08368;1,0420262
01/27/2021;0,07667;0,08156;0,08407;1,04202533
01/26/2021;0,07834;0,08212;0,08446;1,04202447
01/25/2021;0,079;0,08245;0,08463;1,04202273
01/22/2021;0,08134;0,08356;0,08546;1,04201839
01/21/2021;0,08234;0,08401;0,0858;1,04201723
01/20/2021;0,08334;0,08412;0,08602;1,04201549
01/19/2021;0,084;0,08412;0,08619;1,04201347
01/15/2021;0,08534;0,08445;0,08691;1,0420042
01/14/2021;0,08567;0,08456;0,08713;1,04200189
01/13/2021;0,08567;0,08479;0,08735;1,04199957
01/12/2021;0,08567;0,0849;0,08757;1,04199726
01/11/2021;0,08534;0,0849;0,0878;1,04199465
01/08/2021;0,08434;0,0849;0,08802;1,04198684
01/07/2021;0,08334;0,08479;0,08802;1,04198394
01/06/2021;0,08267;0,08456;0,08802;1,04198105
01/05/2021;0,082;0,08434;0,08796;1,04197787
01/04/2021;0,08167;0,08434;0,08796;1,04197497
12/31/2020;0,08334;0,08556;0,08874;1,04196687
12/30/2020;0,08334;0,08545;0,08885;1,04196426
12/29/2020;0,08267;0,08523;0,08891;1,04196137
12/28/2020;0,08234;0,08501;0,08902;1,04195876
12/24/2020;0,082;0,08501;0,08913;1,0419495
12/23/2020;0,08167;0,08512;0,08924;1,04194776
12/22/2020;0,081;0,08501;0,08935;1,04194574
12/21/2020;0,07967;0,08479;0,0893;1,04194313
12/18/2020;0,07667;0,08468;0,08913;1,04193532
12/17/2020;0,07667;0,08468;0,08913;1,04193271
12/16/2020;0,077;0,08479;0,08913;1,04193011
12/15/2020;0,077;0,0849;0,08913;1,0419275
12/14/2020;0,07734;0,08512;0,08919;1,04192519
12/11/2020;0,07867;0,08545;0,0893;1,04191824
12/10/2020;0,07934;0,08556;0,0893;1,04191593
12/09/2020;0,08;0,08568;0,0893;1,04191361
12/08/2020;0,081;0,0859;0,08935;1,04191159
12/07/2020;0,08167;0,08601;0,0893;1,04190927
12/04/2020;0,083;0,08601;0,08902;1,04190146
12/03/2020;0,08367;0,08612;0,08896;1,04189914
12/02/2020;0,08467;0,08634;0,08891;1,04189683
12/01/2020;0,085;0,08645;0,08885;1,04189451
11/30/2020;0,085;0,08645;0,08869;1,04189191
11/27/2020;0,08567;0,08634;0,08841;1,04188496
11/25/2020;0,08634;0,08612;0,08819;1,04188033
11/24/2020;0,08667;0,08612;0,08813;1,0418783
11/23/2020;0,08767;0,08645;0,08819;1,04187686
11/20/2020;0,09;0,08723;0,08813;1,04187252
11/19/2020;0,09067;0,08734;0,08802;1,04187078
11/18/2020;0,09134;0,08734;0,08785;1,04186875
11/17/2020;0,09134;0,08734;0,08746;1,04186615
11/16/2020;0,091;0,08723;0,08696;1,04186325
11/13/2020;0,09134;0,08734;0,08619;1,04185544
11/12/2020;0,09134;0,08734;0,08596;1,04185284
11/10/2020;0,09067;0,08712;0,08524;1,04184705
11/09/2020;0,09034;0,08712;0,08491;1,04184415
11/06/2020;0,089;0,08679;0,08424;1,04183547
11/05/2020;0,08867;0,08656;0,08396;1,04183229
11/04/2020;0,08834;0,08645;0,08374;1,04182939
11/03/2020;0,08834;0,08634;0,08346;1,0418265
11/02/2020;0,088;0,08612;0,08313;1,04182332
10/30/2020;0,08767;0,08645;0,08235;1,0418155
10/29/2020;0,087;0,08656;0,08202;1,0418129
10/28/2020;0,087;0,08679;0,08174;1,04181058
10/27/2020;0,08667;0,08679;0,08146;1,04180798
10/26/2020;0,08634;0,0869;0,08102;1,04180537
10/23/2020;0,08534;0,08756;0,08007;1,04179843
10/22/2020;0,08534;0,0879;0,07985;1,0417964
10/21/2020;0,08567;0,08823;0,07963;1,04179438
10/20/2020;0,086;0,08845;0,07924;1,04179206
10/19/2020;0,086;0,08868;0,07879;1,04178946
10/16/2020;0,08667;0,08968;0,07763;1,04178165
10/15/2020;0,08667;0,0899;0,07724;1,04177875
10/14/2020;0,08667;0,09023;0,0769;1,04177615
10/13/2020;0,08667;0,09068;0,07657;1,04177354
10/09/2020;0,08667;0,09123;0,07524;1,04176312
10/08/2020;0,087;0,09145;0,07485;1,04176081
10/07/2020;0,087;0,09157;0,0744;1,04175821
10/06/2020;0,08667;0,09157;0,0739;1,04175531
10/05/2020;0,08667;0,09168;0,07346;1,04175271
10/02/2020;0,086;0,0919;0,07196;1,04174403
10/01/2020;0,08634;0,09223;0,07157;1,04174171
09/30/2020;0,08667;0,09257;0,07118;1,0417394
09/29/2020;0,08667;0,09301;0,07085;1,04173737
09/28/2020;0,08634;0,09323;0,07046;1,04173506
09/25/2020;0,08534;0,09323;0,06929;1,04172811
09/24/2020;0,08567;0,09334;0,06896;1,04172609
09/23/2020;0,08634;0,09368;0,06868;1,04172435
09/22/2020;0,08634;0,09379;0,06834;1,04172232
09/21/2020;0,086;0,09368;0,06796;1,04172001
09/18/2020;0,08467;0,09357;0,06684;1,0417122
09/17/2020;0,08434;0,09346;0,06651;1,0417093
09/16/2020;0,08434;0,09334;0,06618;1,04170641
09/15/2020;0,084;0,09323;0,06596;1,04170351
09/14/2020;0,084;0,09323;0,06601;1,04170091
09/11/2020;0,084;0,09301;0,07507;1,0416931
09/10/2020;0,08434;0,0929;0,08068;1,04169049
09/09/2020;0,08434;0,09279;0,0863;1,04168789
09/08/2020;0,08434;0,09257;0,09246;1,04168529
09/04/2020;0,08434;0,09179;0,1152;1,04167487
09/03/2020;0,084;0,09145;0,12076;1,04167197
09/02/2020;0,08434;0,09123;0,12637;1,04166937
09/01/2020;0,08467;0,0909;0,1321;1,04166677
08/31/2020;0,085;0,09068;0,13843;1,04166416
08/28/2020;0,08767;0,09034;0,16412;1,04165809
08/27/2020;0,08867;0,09023;0,17263;1,04165606
08/26/2020;0,08967;0,09012;0,18113;1,04165404
08/25/2020;0,09034;0,0899;0,18947;1,04165172
08/24/2020;0,091;0,08968;0,19781;1,04164941
08/21/2020;0,094;0,08868;0,22306;1,04164333
08/20/2020;0,09534;0,08834;0,23146;1,0416413
08/19/2020;0,09634;0,08756;0,23975;1,0416387
08/18/2020;0,09734;0,08668;0,24815;1,0416361
08/17/2020;0,098;0,08601;0,25643;1,0416332
08/14/2020;0,10134;0,08456;0,28141;1,04162539
08/13/2020;0,102;0,08412;0,2897;1,04162279
08/12/2020;0,10234;0,08334;0,29799;1,04162018
08/11/2020;0,10234;0,08268;0,30617;1,04161729
08/10/2020;0,10267;0,08234;0,3144;1,04161468
08/07/2020;0,10367;0,08134;0,33928;1,04160687
08/06/2020;0,104;0,08101;0,34757;1,04160427
08/05/2020;0,10434;0,08056;0,35586;1,04160166
08/04/2020;0,105;0,08012;0,36421;1,04159906
08/03/2020;0,10534;0,07956;0,3725;1,04159617
07/31/2020;0,10634;0,07745;0,39749;1,04158749
07/30/2020;0,10634;0,07667;0,40584;1,04158459
07/29/2020;0,106;0,07612;0,41425;1,04158199
07/28/2020;0,10534;0,07512;0,42249;1,0415791
07/27/2020;0,10467;0,07412;0,43045;1,0415762
07/24/2020;0,103;0,07178;0,45433;1,04156752
07/23/2020;0,102;0,07101;0,46229;1,04156463
07/22/2020;0,10134;0,07001;0,47026;1,04156174
07/21/2020;0,10067;0,06889;0,47822;1,04155855
07/20/2020;0,09967;0,06767;0,48613;1,04155508
07/17/2020;0,09667;0,06456;0,50985;1,04154467
07/16/2020;0,09567;0,06356;0,51776;1,0415412
07/15/2020;0,09434;0,06245;0,52561;1,04153743
07/14/2020;0,09334;0,06156;0,53363;1,04153425
07/13/2020;0,09267;0,06112;0,54177;1,04153136
07/10/2020;0,09034;0,05823;0,56594;1,04152268
07/09/2020;0,08967;0,05723;0,57402;1,04151979
07/08/2020;0,08867;0,05623;0,5821;1,04151689
07/07/2020;0,08767;0,05523;0,59018;1,041514
07/06/2020;0,08667;0,05423;0,59826;1,04151111
07/02/2020;0,081;0,04978;0,63041;1,04149838
07/01/2020;0,07934;0,04867;0,63843;1,0414952
06/30/2020;0,078;0,04767;0,64646;1,0414923
06/29/2020;0,07734;0,04689;0,65465;1,04148999
06/26/2020;0,07534;0,04456;0,67907;1,04148304
06/25/2020;0,07434;0,04367;0,68709;1,04148044
06/24/2020;0,073;0,04289;0,69518;1,04147813
06/23/2020;0,072;0,04222;0,70326;1,0414761
06/22/2020;0,07067;0,04145;0,71129;1,04147379
06/19/2020;0,064;0,03956;0,73526;1,04146598
06/18/2020;0,06233;0,039;0,74329;1,04146337
06/17/2020;0,06067;0,03867;0,75132;1,04146077
06/16/2020;0,05933;0,03878;0,75935;1,04145817
06/15/2020;0,058;0,04378;0,76738;1,04145556
06/12/2020;0,05367;0,06845;0,79225;1,04144862
06/11/2020;0,053;0,07978;0,8004;1,0414463
06/10/2020;0,05267;0,09234;0,8086;1,04144428
06/09/2020;0,052;0,10423;0,81668;1,04144196
06/08/2020;0,05167;0,11579;0,82488;1,04143994
06/05/2020;0,05;0,15002;0,84971;1,04143386
06/04/2020;0,04933;0,16147;0,85797;1,04143184
06/03/2020;0,049;0,17326;0,86628;1,0414301
06/02/2020;0,04767;0,18615;0,87454;1,04142808
06/01/2020;0,04667;0,20371;0,88279;1,04142634
05/29/2020;0,04333;0,25496;0,90874;1,04142114
05/28/2020;0,04167;0,27208;0,91762;1,0414194
05/27/2020;0,04067;0,28898;0,92649;1,04141767
05/26/2020;0,03967;0,30588;0,93481;1,04141593
05/22/2020;0,037;0,3745;0,96869;1,0414113
05/21/2020;0,03667;0,39184;0,97739;1,04141072
05/20/2020;0,037;0,40953;0,98616;1,04141043
05/19/2020;0,03667;0,42677;0,99476;1,04140928
05/18/2020;0,03633;0,44412;1,0033;1,04140812
05/15/2020;0,03433;0,49518;1,02882;1,04140378
05/14/2020;0,03567;0,51253;1,03758;1,0414032
05/13/2020;0,035;0,52955;1,04624;1,04140204
05/12/2020;0,03333;0,54635;1,05473;1,04140031
05/11/2020;0,03167;0,56326;1,06316;1,04139857
05/08/2020;0,02667;0,614;1,08835;1,04139337
05/07/2020;0,02533;0,63103;1,09678;1,04139192
05/06/2020;0,024;0,64816;1,10522;1,04139047
05/05/2020;0,02267;0,6653;1,11365;1,04138903
05/04/2020;0,02133;0,68255;1,12214;1,04138758
05/01/2020;0,01933;0,73487;1,14801;1,04138498
04/30/2020;0,01833;0,75223;1,15662;1,04138382
04/29/2020;0,01833;0,76971;1,16539;1,04138353
04/28/2020;0,01833;0,78663;1,17517;1,04138324
04/27/2020;0,01767;0,80333;1,18517;1,04138237
04/24/2020;0,01567;0,85343;1,21524;1,04137977
04/23/2020;0,01567;0,87035;1,22546;1,04137948
04/22/2020;0,016;0,88739;1,23569;1,04137919
04/21/2020;0,017;0,90443;1,24603;1,0413789
04/20/2020;0,01767;0,92136;1,25638;1,04137832
04/17/2020;0,02133;0,9718;1,28724;1,04137572
04/16/2020;0,03833;0,98862;1,29758;1,04137485
04/15/2020;0,046;1,00555;1,30792;1,04137398
04/14/2020;0,08067;1,02226;1,31849;1,04137225
04/13/2020;0,11667;1,0393;1,32984;1,04137167
04/09/2020;0,26736;1,10782;1,37184;1,04137051
04/08/2020;0,30336;1,12498;1,38214;1,04137022
04/07/2020;0,33971;1,14213;1,39243;1,04136993
04/06/2020;0,37605;1,15941;1,40272;1,04136965
04/03/2020;0,49009;1,21089;1,43333;1,04136878
04/02/2020;0,54444;1,22805;1,44345;1,04136849
04/01/2020;0,59713;1,2451;1,45358;1,0413682
03/31/2020;0,65016;1,26227;1,46382;1,04136791
03/30/2020;0,70318;1,27943;1,47412;1,04136762
03/27/2020;0,86095;1,33037;1,50781;1,04136675
03/26/2020;0,91365;1,34732;1,51794;1,04136646
03/25/2020;0,96602;1,36415;1,52807;1,04136617
03/24/2020;1,0184;1,38099;1,53837;1,04136588
03/23/2020;1,07044;1,39771;1,54951;1,04136531
03/20/2020;1,22558;1,44744;1,58059;1,04136184
03/19/2020;1,27697;1,46383;1,59066;1,0413601
03/18/2020;1,32635;1,47978;1,60052;1,04135721
03/17/2020;1,36105;1,49082;1,60842;1,04134159
03/16/2020;1,4051;1,50509;1,62124;1,04133407
03/13/2020;1,45248;1,52071;1,65809;1,04123862
03/12/2020;1,46517;1,5245;1,66369;1,04120391
03/11/2020;1,47952;1,52874;1,66957;1,04117065
03/10/2020;1,4952;1,53353;1,67568;1,04113855
03/09/2020;1,51155;1,53866;1,68162;1,04110703
03/06/2020;1,56028;1,55383;1,69904;1,0410116
03/05/2020;1,5763;1,55863;1,70481;1,04097922
03/04/2020;1,58831;1,5622;1,70996;1,04094365
03/03/2020;1,58698;1,56108;1,71316;1,04089623
03/02/2020;1,58731;1,56063;1,71663;1,04085026
;;;;
